{
  "accuracy": 0.96875,
  "precision_macro": 0.9761904761904762,
  "recall_macro": 0.9583333333333334,
  "f1_macro": 0.9633699633699634,
  "precision_micro": 0.96875,
  "recall_micro": 0.96875,
  "f1_micro": 0.96875,
  "precision_per_class": [
    1.0,
    1.0,
    1.0,
    1.0,
    0.8571428571428571,
    1.0
  ],
  "recall_per_class": [
    1.0,
    1.0,
    1.0,
    1.0,
    1.0,
    0.75
  ],
  "f1_per_class": [
    1.0,
    1.0,
    1.0,
    1.0,
    0.9230769230769231,
    0.8571428571428571
  ],
  "confusion_matrix": [
    [
      5,
      0,
      0,
      0,
      0,
      0
    ],
    [
      0,
      6,
      0,
      0,
      0,
      0
    ],
    [
      0,
      0,
      6,
      0,
      0,
      0
    ],
    [
      0,
      0,
      0,
      5,
      0,
      0
    ],
    [
      0,
      0,
      0,
      0,
      6,
      0
    ],
    [
      0,
      0,
      0,
      0,
      1,
      3
    ]
  ],
  "classification_report": "              precision    recall  f1-score   support\n\n           0       1.00      1.00      1.00         5\n           1       1.00      1.00      1.00         6\n           2       1.00      1.00      1.00         6\n           3       1.00      1.00      1.00         5\n           4       0.86      1.00      0.92         6\n           5       1.00      0.75      0.86         4\n\n    accuracy                           0.97        32\n   macro avg       0.98      0.96      0.96        32\nweighted avg       0.97      0.97      0.97        32\n"
}